Workbook

Sheet Inputs
A1: AI cost estimate - inputs
A2: Blue cells are inputs: change them and every total recalculates. Yellow = the levers you will most likely change.
A4: Input | B4: Value | C4: Source / note
A5: Chats per month (today) | B5: 1000 | C5: Production 28 Sep - 7 Oct 2026: 298 chats in ~9 days = about 1,000/month.
A6: Growth multiplier | B6: 6 | C6: Owner scenario: today x 5-6.
A7: AI calls per chat (agent helper) | B7: 5 | C7: Assumption: summaries, suggested replies, sentiment, enhance. Replace with the real figure from the ai_calls log after a few weeks.
A8: Input tokens per helper call | B8: 1500 | C8: Assumption: system prompt + chat history. Avg chat = 11 messages / ~630 characters (production).
A9: Output tokens per helper call | B9: 300 | C9: Assumption.
A10: Customer messages per month (today) | B10: 5700 | C10: Production: 1,717 customer messages in ~9 days = about 5,700/month.
A11: Input tokens per automated reply | B11: 3000 | C11: Assumption: full chat history + instructions + order context, sent on every customer message.
A12: Output tokens per automated reply | B12: 150 | C12: Assumption: a short chat reply.
A13: USD to SAR | B13: 3.75 | C13: Fixed peg.

Sheet Prices
A1: List prices, USD per 1M tokens (checked 7 Oct 2026)
A3: Model | B3: Provider | C3: Level | D3: Input $/1M | E3: Output $/1M | F3: Note
A4: Gemini 2.5 Flash | B4: Google | C4: Current (free tier today) | D4: 0.3 | E4: 2.5 | F4: What the CRM uses now. Its "thinking" tokens are billed as output and are NOT in this estimate - the paid cost can be 2-3x higher unless thinking is turned off.
A5: GPT-5.6 Luna | B5: OpenAI | C5: Conversation - recommended | D5: 0.2 | E5: 1.2 | F5: Budget tier of the GPT-5.6 family; enough for normal chat.
A6: GPT-5 mini | B6: OpenAI | C6: Conversation | D6: 0.25 | E6: 2 | F6: Same level, slightly stronger.
A7: GPT-5 nano | B7: OpenAI | C7: Cheapest | D7: 0.05 | E7: 0.4 | F7: Weaker on Arabic and tricky cases.
A8: GPT-5.6 Terra | B8: OpenAI | C8: Mid / high (not needed) | D8: 2 | E8: 12 | F8: For comparison only.
A9: GPT-5.6 Sol | B9: OpenAI | C9: Top (not needed) | D9: 4 | E9: 20 | F9: For comparison only.
A11: Sources: morphllm.com/gemini-api-pricing; pricepertoken.com (gemini-2.5-flash); intuitionlabs.ai/articles/chatgpt-api-pricing-2026-token-costs-limits; morphllm.com/openai-api-pricing; layer3labs.io/guides/gpt-5-6-api-pricing. Prices change - re-check before deciding.
A12: OpenAI extras not applied: Batch API -50% (24h turnaround, not usable for live chat); cached input -50%.

Sheet Estimate
A1: Monthly cost per model
A2: ="Today = "&TEXT(Inputs!B5,"#,##0")&" chats/month. Scaled = today x "&Inputs!B6&"."
A4: Model | B4: Level | C4: Agent helper - today ($) | D4: Agent helper - scaled ($) | E4: AI answers customers - today ($) | F4: AI answers customers - scaled ($) | G4: Agent helper - scaled (SAR) | H4: AI answers customers - scaled (SAR)
A5: =Prices!A4 | B5: =Prices!C4 | C5: =Inputs!$B$5*Inputs!$B$7*(Inputs!$B$8*Prices!D4+Inputs!$B$9*Prices!E4)/1000000 | D5: =C5*Inputs!$B$6 | E5: =Inputs!$B$10*(Inputs!$B$11*Prices!D4+Inputs!$B$12*Prices!E4)/1000000 | F5: =E5*Inputs!$B$6 | G5: =D5*Inputs!$B$13 | H5: =F5*Inputs!$B$13
A6: =Prices!A5 | B6: =Prices!C5 | C6: =Inputs!$B$5*Inputs!$B$7*(Inputs!$B$8*Prices!D5+Inputs!$B$9*Prices!E5)/1000000 | D6: =C6*Inputs!$B$6 | E6: =Inputs!$B$10*(Inputs!$B$11*Prices!D5+Inputs!$B$12*Prices!E5)/1000000 | F6: =E6*Inputs!$B$6 | G6: =D6*Inputs!$B$13 | H6: =F6*Inputs!$B$13
A7: =Prices!A6 | B7: =Prices!C6 | C7: =Inputs!$B$5*Inputs!$B$7*(Inputs!$B$8*Prices!D6+Inputs!$B$9*Prices!E6)/1000000 | D7: =C7*Inputs!$B$6 | E7: =Inputs!$B$10*(Inputs!$B$11*Prices!D6+Inputs!$B$12*Prices!E6)/1000000 | F7: =E7*Inputs!$B$6 | G7: =D7*Inputs!$B$13 | H7: =F7*Inputs!$B$13
A8: =Prices!A7 | B8: =Prices!C7 | C8: =Inputs!$B$5*Inputs!$B$7*(Inputs!$B$8*Prices!D7+Inputs!$B$9*Prices!E7)/1000000 | D8: =C8*Inputs!$B$6 | E8: =Inputs!$B$10*(Inputs!$B$11*Prices!D7+Inputs!$B$12*Prices!E7)/1000000 | F8: =E8*Inputs!$B$6 | G8: =D8*Inputs!$B$13 | H8: =F8*Inputs!$B$13
A9: =Prices!A8 | B9: =Prices!C8 | C9: =Inputs!$B$5*Inputs!$B$7*(Inputs!$B$8*Prices!D8+Inputs!$B$9*Prices!E8)/1000000 | D9: =C9*Inputs!$B$6 | E9: =Inputs!$B$10*(Inputs!$B$11*Prices!D8+Inputs!$B$12*Prices!E8)/1000000 | F9: =E9*Inputs!$B$6 | G9: =D9*Inputs!$B$13 | H9: =F9*Inputs!$B$13
A10: =Prices!A9 | B10: =Prices!C9 | C10: =Inputs!$B$5*Inputs!$B$7*(Inputs!$B$8*Prices!D9+Inputs!$B$9*Prices!E9)/1000000 | D10: =C10*Inputs!$B$6 | E10: =Inputs!$B$10*(Inputs!$B$11*Prices!D9+Inputs!$B$12*Prices!E9)/1000000 | F10: =E10*Inputs!$B$6 | G10: =D10*Inputs!$B$13 | H10: =F10*Inputs!$B$13
A13: Agent helper = AI tools agents use today (summary, suggested reply, sentiment, enhance).
A14: AI answers customers = a future bot replying to every customer message, with the whole chat sent each time.
A15: Highlighted row = recommended for conversation. The Gemini row excludes "thinking" tokens (see Prices).
A16: Replace the assumptions on Inputs with real numbers from the CRM's new ai_calls log once it has a few weeks of data.

Sheet Quick reply usage
A1: How agents use quick replies (production, 28 Sep - 7 Oct 2026)
A2: Agent replies (by a person): 1534
A3: Automatic welcome messages: 78
A4: Replies that were a quick reply: 426 (28%)
A5: Quick replies in the library (chat): 13; used at least once: 12
A6: Matched by comparing every agent reply with the quick-reply library (75%+ similar). "Changed" = the agent edited it before sending. From now on the CRM records this exactly (messages.source / quick_reply_id / source_edited) instead of by matching.
A8: Quick reply | B8: Times used | C8: Sent as-is | D8: Changed first | E8: What the customer had just said (samples)
A9: رسالة ترحيب | B9: 156 | C9: 156 | D9: 0 | E9: السلام عليكم || !!!! || Where is my order ?!!!!!
A10: رسالة انهاء المحادثة | B10: 122 | C10: 120 | D10: 2 | E10: هلا || شكرا || لم يرفق معها عصير
A11: عدم الرد | B11: 74 | C11: 40 | D11: 34 | E11: Salam || هذي خدمة عملاء ... تحتاجون شكوى || تاخر تو وصل المندوب
A12: تعويض عميل عنده حساب | B12: 40 | C12: 37 | D12: 3 | E12: Salam || Salam || Salam
A13: الغاء | B13: 23 | C13: 23 | D13: 0 | E13: ابي الغيه طيب || غلط فيه || I ordered 2 pasta now, need with white sauce only not mix
A14: استرداد مبلغ | B14: 4 | C14: 4 | D14: 0 | E14: Thanks || نعم صحيح || لا يعطيك العافيه
A15: تعويض عميل ليس لديه حساب | B15: 2 | C15: 1 | D15: 1 | E15: Hello || تبشر بالجنة
A16: Compensation customer with no account | B16: 1 | C16: 1 | D16: 0 | E16: Hello
A17: متابعة | B17: 1 | C17: 1 | D17: 0 | E17: مو اسلوب ذا طالع لي اقصى مده ساعه
A18: Compensation for customer with account | B18: 1 | C18: 1 | D18: 0 | E18: Very bad service in the restaurant
A19: تقديم | B19: 1 | C19: 1 | D19: 0 | E19: حابه اسأل عن التوظيف
A20: Opening | B20: 1 | C20: 1 | D20: 0
A22: Never used: مشكلة بالنظام
